FIRE_NAME,YEAR_,min_RBR,max_RBR,mean_RBR,sd_RBR,area_ha
Previously Unburned,0,-0.035231217053197345,0.21670287883994918,0.12165649980306625,0.05187251418828964,32.0688000000108
