MapUnit_Name,min_RBR,max_RBR,mean_RBR,median_RBR,sd_RBR,n_pixels
Singleleaf Pinyon / Muller Oak Woodland Association,0,1227024058.7705696,562679232,664263257.6860569,388288320,121.5005111694336
Joshua Tree - California Juniper / Nevada Ephedra Woodland Association,-618429.3437098693,1440397289.2537038,694124800,718841171.08148,270976896,348.1304016113281
California Juniper / Blackbush Woodland Association,0,1194551735.968302,607052032,697326753.0939842,377328960,434.0870666503906
Joshua Tree / Blackbush Woodland Association,0,741030642.6192285,156567168,35380933.29372894,218441296,36.7790641784668
