FIRE_NAME,YEAR_,min_RBR,max_RBR,mean_RBR,sd_RBR,area_ha
Previously Unburned,0,2031647,1440397289.2537038,607268992,329377120,30.9831750000123
