MapUnit_Name,min_RBR,max_RBR,mean_RBR,sd_RBR,area_ha,FIRE_NAME,YEAR_
Singleleaf Pinyon / Muller Oak Woodland Association,0,1227024058.7705696,562679232,388288320,3.231305996367999,Previously Unburned,0
Joshua Tree - California Juniper / Nevada Ephedra Woodland Association,-618429.3437098693,1440397289.2537038,694124800,270976896,9.258527858874723,Previously Unburned,0
California Juniper / Blackbush Woodland Association,0,1194551735.968302,607052032,377328960,11.544545366174653,Previously Unburned,0
Joshua Tree / Blackbush Woodland Association,0,741030642.6192285,156567168,218441296,0.9781392514708328,Previously Unburned,0
NA,0,971191244.8119276,380661248,330692576,5.4866103808043585,Previously Unburned,0
NA,4784856.664175671,820388867.2872823,266628640,229805648,0.7911798808936029,Previously Unburned,0
NA,0,916436231.8419821,316253920,282010912,1.4747312654367182,Previously Unburned,0
