FIRE_NAME,YEAR_,min_RBR,max_RBR,mean_RBR,sd_RBR,area_ha
Previously Unburned,0,-618429.3437098693,1440397289.2537038,554613376,362224992,32.7650400000241
